REGION	POS	REF	ALT	GFF_FEATURE	REF_CODON	REF_AA	ALT_CODON	ALT_AA	REF_DP_../results/variant_calling_AJ34_6_11_d0_FECES_MKV1_WG/unfiltered/AJ34_2_2_SI_MKV1_WG_A.tsv	REF_RV_../results/variant_calling_AJ34_6_11_d0_FECES_MKV1_WG/unfiltered/AJ34_2_2_SI_MKV1_WG_A.tsv	REF_QUAL_../results/variant_calling_AJ34_6_11_d0_FECES_MKV1_WG/unfiltered/AJ34_2_2_SI_MKV1_WG_A.tsv	ALT_DP_../results/variant_calling_AJ34_6_11_d0_FECES_MKV1_WG/unfiltered/AJ34_2_2_SI_MKV1_WG_A.tsv	ALT_RV_../results/variant_calling_AJ34_6_11_d0_FECES_MKV1_WG/unfiltered/AJ34_2_2_SI_MKV1_WG_A.tsv	ALT_QUAL_../results/variant_calling_AJ34_6_11_d0_FECES_MKV1_WG/unfiltered/AJ34_2_2_SI_MKV1_WG_A.tsv	ALT_FREQ_../results/variant_calling_AJ34_6_11_d0_FECES_MKV1_WG/unfiltered/AJ34_2_2_SI_MKV1_WG_A.tsv	TOTAL_DP_../results/variant_calling_AJ34_6_11_d0_FECES_MKV1_WG/unfiltered/AJ34_2_2_SI_MKV1_WG_A.tsv	PVAL_../results/variant_calling_AJ34_6_11_d0_FECES_MKV1_WG/unfiltered/AJ34_2_2_SI_MKV1_WG_A.tsv	PASS_../results/variant_calling_AJ34_6_11_d0_FECES_MKV1_WG/unfiltered/AJ34_2_2_SI_MKV1_WG_A.tsv	REF_DP_../results/variant_calling_AJ34_6_11_d0_FECES_MKV1_WG/unfiltered/AJ34_2_2_SI_MKV1_WG_B.tsv	REF_RV_../results/variant_calling_AJ34_6_11_d0_FECES_MKV1_WG/unfiltered/AJ34_2_2_SI_MKV1_WG_B.tsv	REF_QUAL_../results/variant_calling_AJ34_6_11_d0_FECES_MKV1_WG/unfiltered/AJ34_2_2_SI_MKV1_WG_B.tsv	ALT_DP_../results/variant_calling_AJ34_6_11_d0_FECES_MKV1_WG/unfiltered/AJ34_2_2_SI_MKV1_WG_B.tsv	ALT_RV_../results/variant_calling_AJ34_6_11_d0_FECES_MKV1_WG/unfiltered/AJ34_2_2_SI_MKV1_WG_B.tsv	ALT_QUAL_../results/variant_calling_AJ34_6_11_d0_FECES_MKV1_WG/unfiltered/AJ34_2_2_SI_MKV1_WG_B.tsv	ALT_FREQ_../results/variant_calling_AJ34_6_11_d0_FECES_MKV1_WG/unfiltered/AJ34_2_2_SI_MKV1_WG_B.tsv	TOTAL_DP_../results/variant_calling_AJ34_6_11_d0_FECES_MKV1_WG/unfiltered/AJ34_2_2_SI_MKV1_WG_B.tsv	PVAL_../results/variant_calling_AJ34_6_11_d0_FECES_MKV1_WG/unfiltered/AJ34_2_2_SI_MKV1_WG_B.tsv	PASS_../results/variant_calling_AJ34_6_11_d0_FECES_MKV1_WG/unfiltered/AJ34_2_2_SI_MKV1_WG_B.tsv	
Consensus_AJ34_6_11_d0_FECES_MKV1_WG_threshold_0_quality_30	1641	T	C	VP0	TCT	S	TCC	S	2831	3	37	18229	7	37	0.865575	21060	0	TRUE	1769	2	37	7023	1	37	0.798704	8793	0	TRUE
Consensus_AJ34_6_11_d0_FECES_MKV1_WG_threshold_0_quality_30	1659	T	C	VP0	AAT	N	AAC	N	2823	3	37	18310	7	37	0.866417	21133	0	TRUE	1772	2	37	7037	1	37	0.798842	8809	0	TRUE
Consensus_AJ34_6_11_d0_FECES_MKV1_WG_threshold_0_quality_30	1674	C	T	VP0	ACC	T	ACT	T	2815	3	37	17758	7	37	0.86317	20573	0	TRUE	1753	2	37	6789	1	37	0.794779	8542	0	TRUE
Consensus_AJ34_6_11_d0_FECES_MKV1_WG_threshold_0_quality_30	1677	G	A	VP0	GGG	G	GGA	G	10645	6	37	9768	4	37	0.478448	20416	0	TRUE	1735	2	37	6743	1	37	0.795353	8478	0	TRUE
Consensus_AJ34_6_11_d0_FECES_MKV1_WG_threshold_0_quality_30	1683	C	T	VP0	ACC	T	ACT	T	2728	3	37	17444	7	37	0.864677	20174	0	TRUE	1712	2	37	6704	1	37	0.796483	8417	0	TRUE
Consensus_AJ34_6_11_d0_FECES_MKV1_WG_threshold_0_quality_30	1701	T	C	VP0	GCT	A	GCC	A	2632	3	37	17113	7	37	0.8667	19745	0	TRUE	1625	2	37	6584	1	37	0.802047	8209	0	TRUE
Consensus_AJ34_6_11_d0_FECES_MKV1_WG_threshold_0_quality_30	1704	T	C	VP0	TAT	Y	TAC	Y	2706	3	37	16783	7	37	0.861108	19490	0	TRUE	1683	2	37	6433	1	37	0.792534	8117	0	TRUE
Consensus_AJ34_6_11_d0_FECES_MKV1_WG_threshold_0_quality_30	1731	T	A	VP0	CCT	P	CCA	P	2368	2	37	13460	7	37	0.850177	15832	0	TRUE	1496	2	37	5200	1	37	0.776583	6696	0	TRUE
Consensus_AJ34_6_11_d0_FECES_MKV1_WG_threshold_0_quality_30	1761	G	A	VP0	CCG	P	CCA	P	1896	320	44	9714	1780	40	0.836693	11610	0	TRUE	1236	236	45	3656	704	41	0.747343	4892	0	TRUE
Consensus_AJ34_6_11_d0_FECES_MKV1_WG_threshold_0_quality_30	1764	T	C	VP0	TCT	S	TCC	S	1817	420	45	10017	1883	41	0.846459	11834	0	TRUE	1148	283	46	3811	748	41	0.768502	4959	0	TRUE
Consensus_AJ34_6_11_d0_FECES_MKV1_WG_threshold_0_quality_30	1767	C	T	VP0	GGC	G	GGT	G	1881	460	46	9764	1963	40	0.838471	11645	0	TRUE	1204	318	47	3650	777	41	0.751957	4854	0	TRUE
Consensus_AJ34_6_11_d0_FECES_MKV1_WG_threshold_0_quality_30	1776	T	C	VP0	ACT	T	ACC	T	1766	585	46	11850	4557	42	0.8703	13616	0	TRUE	1132	384	48	4395	1759	44	0.795187	5527	0	TRUE
Consensus_AJ34_6_11_d0_FECES_MKV1_WG_threshold_0_quality_30	1785	A	G	VP0	CTA	L	CTG	L	1756	649	45	11670	5163	42	0.86908	13428	0	TRUE	1140	438	48	4280	1987	44	0.789668	5420	0	TRUE
Consensus_AJ34_6_11_d0_FECES_MKV1_WG_threshold_0_quality_30	1791	A	C	VP0	ACA	T	ACC	T	1743	824	45	11460	5490	41	0.867919	13204	0	TRUE	1104	546	47	4255	2187	43	0.793991	5359	0	TRUE
Consensus_AJ34_6_11_d0_FECES_MKV1_WG_threshold_0_quality_30	1838	C	G	VP0	GCC	A	GGC	G	1965	1905	38	12170	11360	39	0.860801	14138	0	TRUE	2078	2024	38	4060	3862	39	0.661453	6138	0	TRUE
Consensus_AJ34_6_11_d0_FECES_MKV1_WG_threshold_0_quality_30	1857	C	A	VP0	ACC	T	ACA	T	2120	2103	37	12736	12499	38	0.857066	14860	0	TRUE	1425	1409	38	5052	4998	38	0.77987	6478	0	TRUE
Consensus_AJ34_6_11_d0_FECES_MKV1_WG_threshold_0_quality_30	1884	T	C	VP0	ATT	I	ATC	I	2421	2420	37	14731	14725	37	0.85875	17154	0	TRUE	1596	1596	37	5789	5789	37	0.783886	7385	0	TRUE
Consensus_AJ34_6_11_d0_FECES_MKV1_WG_threshold_0_quality_30	1887	C	T	VP0	GGC	G	GGT	G	2505	2504	37	14414	14408	37	0.851841	16921	0	TRUE	1664	1664	37	5652	5652	37	0.772448	7317	0	TRUE
Consensus_AJ34_6_11_d0_FECES_MKV1_WG_threshold_0_quality_30	1914	C	T	VP0	CCC	P	CCT	P	2681	2680	37	16616	16610	37	0.861022	19298	0	TRUE	1745	1745	37	6411	6411	37	0.785854	8158	0	TRUE
Consensus_AJ34_6_11_d0_FECES_MKV1_WG_threshold_0_quality_30	1920	T	C	VP0	AAT	N	AAC	N	2637	2636	37	17244	17238	37	0.867317	19882	0	TRUE	1731	1731	37	6600	6600	37	0.792222	8331	0	TRUE
Consensus_AJ34_6_11_d0_FECES_MKV1_WG_threshold_0_quality_30	1926	C	T	VP0	GCC	A	GCT	A	2707	2706	37	17287	17281	37	0.864609	19994	0	TRUE	1771	1771	37	6625	6625	37	0.788972	8397	0	TRUE
Consensus_AJ34_6_11_d0_FECES_MKV1_WG_threshold_0_quality_30	1944	C	T	VP0	CTC	L	CTT	L	18041	18035	37	2678	2677	37	0.129253	20719	0	TRUE	6863	6862	37	1757	1757	37	0.203828	8620	0	TRUE
Consensus_AJ34_6_11_d0_FECES_MKV1_WG_threshold_0_quality_30	195	T	C	NA	NA	NA	NA	NA	2002	2000	37	18479	18466	37	0.902207	20482	0	TRUE	1	1	38	7268	7265	37	0.999862	7269	0	TRUE
Consensus_AJ34_6_11_d0_FECES_MKV1_WG_threshold_0_quality_30	1950	C	T	VP0	TTC	F	TTT	F	18097	18091	37	2708	2707	37	0.130155	20806	0	TRUE	6899	6898	37	1763	1763	37	0.203509	8663	0	TRUE
Consensus_AJ34_6_11_d0_FECES_MKV1_WG_threshold_0_quality_30	196	T	C	NA	NA	NA	NA	NA	2049	2047	37	18429	18417	37	0.899897	20479	0	TRUE	0	0	0	7238	7235	37	1	7238	0	TRUE
Consensus_AJ34_6_11_d0_FECES_MKV1_WG_threshold_0_quality_30	3906	C	T	2A	GTC	V	GTT	V	86	0	37	166	0	37	0.65873	252	2.16577e-69	TRUE	979	1	37	788	1	37	0.445954	1767	4.55329e-285	TRUE
Consensus_AJ34_6_11_d0_FECES_MKV1_WG_threshold_0_quality_30	3933	C	T	2A	ATC	I	ATT	I	164	0	37	86	0	37	0.344	250	1.79578e-30	TRUE	698	1	37	1035	0	37	0.59723	1733	0	TRUE
Consensus_AJ34_6_11_d0_FECES_MKV1_WG_threshold_0_quality_30	3942	A	G	2A	TCA	S	TCG	S	159	0	37	86	0	37	0.35102	245	9.7811e-31	TRUE	923	1	37	791	0	37	0.461494	1714	7.47676e-290	TRUE
Consensus_AJ34_6_11_d0_FECES_MKV1_WG_threshold_0_quality_30	3963	T	C	2A	GTT	V	GTC	V	156	0	37	87	0	37	0.358025	243	5.14266e-31	TRUE	911	1	37	782	0	37	0.461902	1693	6.19529e-286	TRUE
Consensus_AJ34_6_11_d0_FECES_MKV1_WG_threshold_0_quality_30	3976	C	G	2A	CCC	P	GCC	A	155	0	37	84	0	37	0.351464	239	5.79328e-30	TRUE	895	1	37	764	0	37	0.460518	1659	2.93084e-280	TRUE
Consensus_AJ34_6_11_d0_FECES_MKV1_WG_threshold_0_quality_30	3981	T	C	2A	TGT	C	TGC	C	153	0	37	83	0	37	0.351695	236	1.55333e-29	TRUE	703	1	37	944	0	37	0.573163	1647	0	TRUE
Consensus_AJ34_6_11_d0_FECES_MKV1_WG_threshold_0_quality_30	4029	T	C	2A	GCT	A	GCC	A	135	32	51	75	12	46	0.357143	210	8.39576e-33	TRUE	800	197	51	683	168	50	0.460553	1483	2.15759e-313	TRUE
Consensus_AJ34_6_11_d0_FECES_MKV1_WG_threshold_0_quality_30	4095	C	T	2A	GGC	G	GGT	G	127	100	48	71	57	47	0.358586	198	3.89701e-31	TRUE	782	660	46	662	571	44	0.458449	1444	8.85659e-287	TRUE
Consensus_AJ34_6_11_d0_FECES_MKV1_WG_threshold_0_quality_30	6156	C	T	3C	CAC	H	CAT	H	17	0	37	110742	77	37	0.999756	110769	0	TRUE	5	0	38	25482	15	37	0.999647	25491	0	TRUE
Consensus_AJ34_6_11_d0_FECES_MKV1_WG_threshold_0_quality_30	6195	T	C	3C	CTT	L	CTC	L	7	0	35	105632	71	37	0.999877	105645	0	TRUE	1	0	38	24402	12	37	0.999959	24403	0	TRUE
Consensus_AJ34_6_11_d0_FECES_MKV1_WG_threshold_0_quality_30	6219	C	T	3C	CCC	P	CCT	P	21	1	39	96948	5133	40	0.999691	96978	0	TRUE	4	1	43	22544	1114	40	0.999734	22550	0	TRUE
Consensus_AJ34_6_11_d0_FECES_MKV1_WG_threshold_0_quality_30	6381	T	C	3C	GTT	V	GTC	V	9	9	37	109483	109374	37	0.9999	109494	0	TRUE	2	2	38	25224	25203	37	0.999921	25226	0	TRUE
Consensus_AJ34_6_11_d0_FECES_MKV1_WG_threshold_0_quality_30	6861	T	C	3D	CCT	P	CCC	P	1	1	38	20047	19210	37	0.99985	20050	0	TRUE	3	2	37	4006	3601	38	0.999252	4009	0	TRUE
Consensus_AJ34_6_11_d0_FECES_MKV1_WG_threshold_0_quality_30	6882	C	T	3D	GAC	D	GAT	D	1	1	38	21273	21103	37	0.999906	21275	0	TRUE	4	3	36	4195	4055	37	0.99881	4200	0	TRUE
Consensus_AJ34_6_11_d0_FECES_MKV1_WG_threshold_0_quality_30	6978	A	G	3D	CAA	Q	CAG	Q	1	1	37	40719	40676	37	0.999828	40726	0	TRUE	5	5	37	7934	7927	37	0.99937	7939	0	TRUE
Consensus_AJ34_6_11_d0_FECES_MKV1_WG_threshold_0_quality_30	7374	A	G	3D	GCA	A	GCG	A	8	0	37	45960	30	37	0.999674	45975	0	TRUE	3874	0	37	6243	2	37	0.616958	10119	0	TRUE
Consensus_AJ34_6_11_d0_FECES_MKV1_WG_threshold_0_quality_30	7401	C	T	3D	CTC	L	CTT	L	6	0	37	45744	29	37	0.999803	45753	0	TRUE	3819	0	37	6216	2	37	0.619432	10035	0	TRUE
Consensus_AJ34_6_11_d0_FECES_MKV1_WG_threshold_0_quality_30	7407	C	T	3D	GCC	A	GCT	A	106	0	37	45098	29	37	0.997589	45207	0	TRUE	3775	0	37	6087	2	37	0.616031	9881	0	TRUE
Consensus_AJ34_6_11_d0_FECES_MKV1_WG_threshold_0_quality_30	7590	C	T	3D	ATC	I	ATT	I	6	6	35	39888	39867	37	0.999749	39898	0	TRUE	3564	3560	37	5417	5415	37	0.603162	8981	0	TRUE
