REGION	POS	REF	ALT	GFF_FEATURE	REF_CODON	REF_AA	ALT_CODON	ALT_AA	REF_DP_../results/variant_calling_AJ34_6_11_d0_FECES_MKV1_WG/unfiltered/AJ34_6_11_d4_FECES_MKV1_WG_A.tsv	REF_RV_../results/variant_calling_AJ34_6_11_d0_FECES_MKV1_WG/unfiltered/AJ34_6_11_d4_FECES_MKV1_WG_A.tsv	REF_QUAL_../results/variant_calling_AJ34_6_11_d0_FECES_MKV1_WG/unfiltered/AJ34_6_11_d4_FECES_MKV1_WG_A.tsv	ALT_DP_../results/variant_calling_AJ34_6_11_d0_FECES_MKV1_WG/unfiltered/AJ34_6_11_d4_FECES_MKV1_WG_A.tsv	ALT_RV_../results/variant_calling_AJ34_6_11_d0_FECES_MKV1_WG/unfiltered/AJ34_6_11_d4_FECES_MKV1_WG_A.tsv	ALT_QUAL_../results/variant_calling_AJ34_6_11_d0_FECES_MKV1_WG/unfiltered/AJ34_6_11_d4_FECES_MKV1_WG_A.tsv	ALT_FREQ_../results/variant_calling_AJ34_6_11_d0_FECES_MKV1_WG/unfiltered/AJ34_6_11_d4_FECES_MKV1_WG_A.tsv	TOTAL_DP_../results/variant_calling_AJ34_6_11_d0_FECES_MKV1_WG/unfiltered/AJ34_6_11_d4_FECES_MKV1_WG_A.tsv	PVAL_../results/variant_calling_AJ34_6_11_d0_FECES_MKV1_WG/unfiltered/AJ34_6_11_d4_FECES_MKV1_WG_A.tsv	PASS_../results/variant_calling_AJ34_6_11_d0_FECES_MKV1_WG/unfiltered/AJ34_6_11_d4_FECES_MKV1_WG_A.tsv	REF_DP_../results/variant_calling_AJ34_6_11_d0_FECES_MKV1_WG/unfiltered/AJ34_6_11_d4_FECES_MKV1_WG_B.tsv	REF_RV_../results/variant_calling_AJ34_6_11_d0_FECES_MKV1_WG/unfiltered/AJ34_6_11_d4_FECES_MKV1_WG_B.tsv	REF_QUAL_../results/variant_calling_AJ34_6_11_d0_FECES_MKV1_WG/unfiltered/AJ34_6_11_d4_FECES_MKV1_WG_B.tsv	ALT_DP_../results/variant_calling_AJ34_6_11_d0_FECES_MKV1_WG/unfiltered/AJ34_6_11_d4_FECES_MKV1_WG_B.tsv	ALT_RV_../results/variant_calling_AJ34_6_11_d0_FECES_MKV1_WG/unfiltered/AJ34_6_11_d4_FECES_MKV1_WG_B.tsv	ALT_QUAL_../results/variant_calling_AJ34_6_11_d0_FECES_MKV1_WG/unfiltered/AJ34_6_11_d4_FECES_MKV1_WG_B.tsv	ALT_FREQ_../results/variant_calling_AJ34_6_11_d0_FECES_MKV1_WG/unfiltered/AJ34_6_11_d4_FECES_MKV1_WG_B.tsv	TOTAL_DP_../results/variant_calling_AJ34_6_11_d0_FECES_MKV1_WG/unfiltered/AJ34_6_11_d4_FECES_MKV1_WG_B.tsv	PVAL_../results/variant_calling_AJ34_6_11_d0_FECES_MKV1_WG/unfiltered/AJ34_6_11_d4_FECES_MKV1_WG_B.tsv	PASS_../results/variant_calling_AJ34_6_11_d0_FECES_MKV1_WG/unfiltered/AJ34_6_11_d4_FECES_MKV1_WG_B.tsv	
Consensus_AJ34_6_11_d0_FECES_MKV1_WG_threshold_0_quality_30	1008	C	T	L	ACC	T	ACT	T	23	21	37	122	108	37	0.841379	145	2.25056e-58	TRUE	24	21	37	111	101	37	0.822222	135	1.13239e-52	TRUE
Consensus_AJ34_6_11_d0_FECES_MKV1_WG_threshold_0_quality_30	1011	C	A	L	CCC	P	CCA	P	134	119	37	11	10	37	0.0758621	145	0.000416854	TRUE	117	108	37	17	12	38	0.126866	134	3.89835e-06	TRUE
Consensus_AJ34_6_11_d0_FECES_MKV1_WG_threshold_0_quality_30	1023	T	C	L	TAT	Y	TAC	Y	24	22	38	121	107	37	0.834483	145	1.57539e-57	TRUE	26	23	37	111	100	37	0.810219	137	1.14013e-51	TRUE
Consensus_AJ34_6_11_d0_FECES_MKV1_WG_threshold_0_quality_30	1641	T	C	VP0	TCT	S	TCC	S	9822	6	37	16384	5	37	0.625176	26207	0	TRUE	10266	7	37	16220	8	37	0.612353	26488	0	TRUE
Consensus_AJ34_6_11_d0_FECES_MKV1_WG_threshold_0_quality_30	1659	T	C	VP0	AAT	N	AAC	N	7538	5	37	18754	7	37	0.713243	26294	0	TRUE	7909	6	37	18604	10	37	0.701694	26513	0	TRUE
Consensus_AJ34_6_11_d0_FECES_MKV1_WG_threshold_0_quality_30	1674	C	T	VP0	ACC	T	ACT	T	7613	5	37	18316	7	37	0.706309	25932	0	TRUE	7973	5	37	18198	11	37	0.695323	26172	0	TRUE
Consensus_AJ34_6_11_d0_FECES_MKV1_WG_threshold_0_quality_30	1677	G	A	VP0	GGG	G	GGA	G	7474	5	37	18247	7	37	0.709365	25723	0	TRUE	7832	5	37	18128	11	37	0.698251	25962	0	TRUE
Consensus_AJ34_6_11_d0_FECES_MKV1_WG_threshold_0_quality_30	1683	C	T	VP0	ACC	T	ACT	T	7432	5	37	18381	7	37	0.712083	25813	0	TRUE	7727	5	37	18340	11	37	0.703545	26068	0	TRUE
Consensus_AJ34_6_11_d0_FECES_MKV1_WG_threshold_0_quality_30	1695	C	T	VP0	TTC	F	TTT	F	24694	12	37	1087	0	37	0.0421628	25781	8.21414e-290	TRUE	24624	13	37	1405	1	37	0.053972	26032	0	TRUE
Consensus_AJ34_6_11_d0_FECES_MKV1_WG_threshold_0_quality_30	1701	T	A	VP0	GCT	A	GCA	A	6234	5	37	1047	0	37	0.0413116	25344	0	TRUE	6305	4	37	1400	1	37	0.0544048	25733	0	TRUE
Consensus_AJ34_6_11_d0_FECES_MKV1_WG_threshold_0_quality_30	1701	T	C	VP0	GCT	A	GCC	A	6234	5	37	18046	7	37	0.712042	25344	0	TRUE	6305	4	37	18022	8	37	0.700346	25733	0	TRUE
Consensus_AJ34_6_11_d0_FECES_MKV1_WG_threshold_0_quality_30	1704	T	C	VP0	TAT	Y	TAC	Y	6264	5	37	18964	7	37	0.751615	25231	0	TRUE	6300	4	37	19286	9	37	0.753713	25588	0	TRUE
Consensus_AJ34_6_11_d0_FECES_MKV1_WG_threshold_0_quality_30	1707	C	T	VP0	CCC	P	CCT	P	24141	13	37	1118	0	37	0.0442544	25263	2.74088e-301	TRUE	24147	12	37	1458	1	37	0.0569287	25611	0	TRUE
Consensus_AJ34_6_11_d0_FECES_MKV1_WG_threshold_0_quality_30	1731	T	A	VP0	CCT	P	CCA	P	5872	10	37	16908	5	37	0.740313	22839	0	TRUE	5880	4	37	17512	6	37	0.747514	23427	0	TRUE
Consensus_AJ34_6_11_d0_FECES_MKV1_WG_threshold_0_quality_30	176	A	G	NA	NA	NA	NA	NA	8654	8652	36	1769	1769	36	0.169721	10423	0	TRUE	8461	8458	36	1649	1648	36	0.163106	10110	0	TRUE
Consensus_AJ34_6_11_d0_FECES_MKV1_WG_threshold_0_quality_30	1761	G	A	VP0	CCG	P	CCA	P	5597	1560	53	16280	4208	49	0.744127	21878	0	TRUE	5624	1474	52	16794	4231	49	0.748896	22425	0	TRUE
Consensus_AJ34_6_11_d0_FECES_MKV1_WG_threshold_0_quality_30	1764	T	C	VP0	TCT	S	TCC	S	5529	1780	55	16562	4461	50	0.749683	22092	0	TRUE	5613	1687	54	17069	4466	50	0.752469	22684	0	TRUE
Consensus_AJ34_6_11_d0_FECES_MKV1_WG_threshold_0_quality_30	1767	C	T	VP0	GGC	G	GGT	G	5550	1904	56	16457	4672	50	0.747638	22012	0	TRUE	5603	1812	55	17028	4688	50	0.75232	22634	0	TRUE
Consensus_AJ34_6_11_d0_FECES_MKV1_WG_threshold_0_quality_30	1776	T	C	VP0	ACT	T	ACC	T	5384	2140	58	17534	7277	56	0.765042	22919	0	TRUE	5464	2025	57	17929	7125	56	0.766328	23396	0	TRUE
Consensus_AJ34_6_11_d0_FECES_MKV1_WG_threshold_0_quality_30	1785	A	G	VP0	CTA	L	CTG	L	5493	2384	59	17327	7707	57	0.759224	22822	0	TRUE	5574	2285	58	17694	7531	57	0.760411	23269	0	TRUE
Consensus_AJ34_6_11_d0_FECES_MKV1_WG_threshold_0_quality_30	1788	C	T	VP0	GAC	D	GAT	D	21846	9941	58	984	378	58	0.0431012	22830	0	TRUE	21944	9582	57	1322	503	58	0.0568211	23266	0	TRUE
Consensus_AJ34_6_11_d0_FECES_MKV1_WG_threshold_0_quality_30	1791	A	C	VP0	ACA	T	ACC	T	5525	2673	59	17057	8015	57	0.753401	22640	0	TRUE	5612	2575	59	17457	7826	57	0.755551	23105	0	TRUE
Consensus_AJ34_6_11_d0_FECES_MKV1_WG_threshold_0_quality_30	1838	C	G	VP0	GCC	A	GGC	G	5616	4384	51	17259	13109	51	0.754195	22884	0	TRUE	5776	4293	52	17376	12838	51	0.75	23168	0	TRUE
Consensus_AJ34_6_11_d0_FECES_MKV1_WG_threshold_0_quality_30	1857	C	A	VP0	ACC	T	ACA	T	6610	5779	45	16238	14187	45	0.708495	22919	0	TRUE	7066	6018	46	15956	13766	45	0.690706	23101	0	TRUE
Consensus_AJ34_6_11_d0_FECES_MKV1_WG_threshold_0_quality_30	1884	T	C	VP0	ATT	I	ATC	I	6558	6550	37	17222	17208	37	0.724222	23780	0	TRUE	6855	6847	37	17103	17083	37	0.713874	23958	0	TRUE
Consensus_AJ34_6_11_d0_FECES_MKV1_WG_threshold_0_quality_30	1887	C	T	VP0	GGC	G	GGT	G	6797	6789	37	16990	16976	37	0.714106	23792	0	TRUE	7102	7094	37	16873	16852	37	0.70354	23983	0	TRUE
Consensus_AJ34_6_11_d0_FECES_MKV1_WG_threshold_0_quality_30	1914	C	T	VP0	CCC	P	CCT	P	6938	6931	37	18002	17983	37	0.721581	24948	0	TRUE	7308	7298	37	17873	17839	37	0.709668	25185	0	TRUE
Consensus_AJ34_6_11_d0_FECES_MKV1_WG_threshold_0_quality_30	1920	T	C	VP0	AAT	N	AAC	N	6841	6832	37	18314	18295	37	0.728017	25156	0	TRUE	7287	7277	37	18236	18200	37	0.714437	25525	0	TRUE
Consensus_AJ34_6_11_d0_FECES_MKV1_WG_threshold_0_quality_30	1926	C	T	VP0	GCC	A	GCT	A	5823	5815	37	19523	19503	37	0.770077	25352	0	TRUE	5888	5881	37	19789	19750	37	0.77063	25679	0	TRUE
Consensus_AJ34_6_11_d0_FECES_MKV1_WG_threshold_0_quality_30	1932	T	C	VP0	ACT	T	ACC	T	24516	24489	37	1090	1089	37	0.0425681	25606	1.62011e-291	TRUE	24501	24460	37	1421	1418	37	0.054812	25925	0	TRUE
Consensus_AJ34_6_11_d0_FECES_MKV1_WG_threshold_0_quality_30	1935	C	T	VP0	GCC	A	GCT	A	24719	24674	37	1050	1049	37	0.0407451	25770	2.88381e-279	TRUE	24671	24613	37	1390	1387	37	0.0533303	26064	0	TRUE
Consensus_AJ34_6_11_d0_FECES_MKV1_WG_threshold_0_quality_30	1944	C	T	VP0	CTC	L	CTT	L	20026	19984	37	5696	5688	37	0.221436	25723	0	TRUE	20351	20291	37	5743	5736	37	0.220038	26100	0	TRUE
Consensus_AJ34_6_11_d0_FECES_MKV1_WG_threshold_0_quality_30	195	T	C	NA	NA	NA	NA	NA	3170	3170	37	11955	11952	37	0.790309	15127	0	TRUE	2908	2907	37	10656	10652	37	0.785551	13565	0	TRUE
Consensus_AJ34_6_11_d0_FECES_MKV1_WG_threshold_0_quality_30	1950	C	T	VP0	TTC	F	TTT	F	19330	19290	37	6585	6575	37	0.25408	25917	0	TRUE	19407	19350	37	6930	6921	37	0.263118	26338	0	TRUE
Consensus_AJ34_6_11_d0_FECES_MKV1_WG_threshold_0_quality_30	1956	T	C	VP0	TTT	F	TTC	F	25049	25001	37	1091	1089	37	0.0417304	26144	2.63466e-290	TRUE	25161	25097	37	1385	1382	37	0.0521657	26550	0	TRUE
Consensus_AJ34_6_11_d0_FECES_MKV1_WG_threshold_0_quality_30	196	T	C	NA	NA	NA	NA	NA	3170	3170	37	12191	12188	37	0.793427	15365	0	TRUE	2916	2915	37	10843	10839	37	0.788066	13759	0	TRUE
Consensus_AJ34_6_11_d0_FECES_MKV1_WG_threshold_0_quality_30	241	A	G	NA	NA	NA	NA	NA	18814	18806	37	907	907	37	0.0459846	19724	1.13564e-248	TRUE	16938	16928	37	850	850	37	0.0477823	17789	3.66269e-234	TRUE
Consensus_AJ34_6_11_d0_FECES_MKV1_WG_threshold_0_quality_30	251	T	C	NA	NA	NA	NA	NA	20001	19992	37	968	968	37	0.0461612	20970	4.13675e-262	TRUE	17952	17941	37	881	881	37	0.0467796	18833	4.10141e-239	TRUE
Consensus_AJ34_6_11_d0_FECES_MKV1_WG_threshold_0_quality_30	253	C	T	NA	NA	NA	NA	NA	19928	19919	37	1040	1040	37	0.0495947	20970	6.32602e-285	TRUE	17967	17955	37	919	919	37	0.0486578	18887	4.46824e-251	TRUE
Consensus_AJ34_6_11_d0_FECES_MKV1_WG_threshold_0_quality_30	330	T	C	NA	NA	NA	NA	NA	22858	22849	37	1070	1070	37	0.0447007	23937	2.2843e-288	TRUE	20432	20420	37	984	984	37	0.0459448	21417	2.07793e-267	TRUE
Consensus_AJ34_6_11_d0_FECES_MKV1_WG_threshold_0_quality_30	383	T	A	NA	NA	NA	NA	NA	14969	14964	37	9559	9549	37	0.389654	24532	0	TRUE	13857	13848	37	8130	8122	37	0.369747	21988	0	TRUE
Consensus_AJ34_6_11_d0_FECES_MKV1_WG_threshold_0_quality_30	3906	C	T	2A	GTC	V	GTT	V	7926	48	37	3735	20	37	0.320216	11664	0	TRUE	8817	175	37	4111	10	37	0.317992	12928	0	TRUE
Consensus_AJ34_6_11_d0_FECES_MKV1_WG_threshold_0_quality_30	3909	T	C	2A	ACT	T	ACC	T	10548	64	37	1069	0	37	0.0920045	11619	1.34789e-312	TRUE	11672	182	37	1201	0	37	0.0932816	12875	0	TRUE
Consensus_AJ34_6_11_d0_FECES_MKV1_WG_threshold_0_quality_30	3933	C	T	2A	ATC	I	ATT	I	4185	4	37	7291	4	37	0.635215	11478	0	TRUE	4684	5	37	7819	9	37	0.62532	12504	0	TRUE
Consensus_AJ34_6_11_d0_FECES_MKV1_WG_threshold_0_quality_30	3942	A	G	2A	TCA	S	TCG	S	5175	4	37	6212	4	37	0.545486	11388	0	TRUE	5785	5	37	6622	8	37	0.533645	12409	0	TRUE
Consensus_AJ34_6_11_d0_FECES_MKV1_WG_threshold_0_quality_30	3963	T	C	2A	GTT	V	GTC	V	4912	4	37	6341	4	37	0.563194	11259	0	TRUE	5601	4	37	6687	9	37	0.543835	12296	0	TRUE
Consensus_AJ34_6_11_d0_FECES_MKV1_WG_threshold_0_quality_30	3976	C	G	2A	CCC	P	GCC	A	4817	4	37	6238	3	37	0.560216	11135	0	TRUE	5454	4	37	6590	8	37	0.541273	12175	0	TRUE
Consensus_AJ34_6_11_d0_FECES_MKV1_WG_threshold_0_quality_30	3981	T	C	2A	TGT	C	TGC	C	3640	4	37	7503	3	37	0.673277	11144	0	TRUE	4163	4	37	8011	8	37	0.657934	12176	0	TRUE
Consensus_AJ34_6_11_d0_FECES_MKV1_WG_threshold_0_quality_30	4029	T	C	2A	GCT	A	GCC	A	5147	2078	64	5975	2375	64	0.537079	11125	0	TRUE	5769	2307	64	6373	2592	63	0.524786	12144	0	TRUE
Consensus_AJ34_6_11_d0_FECES_MKV1_WG_threshold_0_quality_30	4095	C	T	2A	GGC	G	GGT	G	4622	3035	59	6343	4275	57	0.578424	10966	0	TRUE	5206	3470	58	6697	4615	56	0.562442	11907	0	TRUE
Consensus_AJ34_6_11_d0_FECES_MKV1_WG_threshold_0_quality_30	4113	T	C	2A	CTT	L	CTC	L	9382	9366	37	1458	1458	37	0.134477	10842	0	TRUE	10175	10155	37	1598	1594	37	0.135711	11775	0	TRUE
Consensus_AJ34_6_11_d0_FECES_MKV1_WG_threshold_0_quality_30	4143	A	G	2A	GGA	G	GGG	G	10222	10213	37	1023	1023	37	0.0909738	11245	5.21441e-298	TRUE	11111	11099	37	1089	1088	37	0.0892623	12200	2.54031e-316	TRUE
Consensus_AJ34_6_11_d0_FECES_MKV1_WG_threshold_0_quality_30	4251	C	T	2B	AAC	N	AAT	N	25728	13	37	3544	5	37	0.121067	29273	0	TRUE	25442	14	37	3567	5	37	0.122958	29010	0	TRUE
Consensus_AJ34_6_11_d0_FECES_MKV1_WG_threshold_0_quality_30	4260	C	T	2B	CTC	L	CTT	L	25974	15	37	3017	3	37	0.104052	28995	0	TRUE	25446	17	37	3306	2	37	0.114963	28757	0	TRUE
Consensus_AJ34_6_11_d0_FECES_MKV1_WG_threshold_0_quality_30	4293	T	G	2B	GCT	A	GCG	A	6409	26	37	20759	305	37	0.761686	27254	0	TRUE	6854	29	37	20205	277	37	0.745105	27117	0	TRUE
Consensus_AJ34_6_11_d0_FECES_MKV1_WG_threshold_0_quality_30	4302	C	T	2B	GTC	V	GTT	V	26173	8512	58	2997	1053	59	0.102743	29170	0	TRUE	25412	7529	56	3361	1102	58	0.116807	28774	0	TRUE
Consensus_AJ34_6_11_d0_FECES_MKV1_WG_threshold_0_quality_30	4317	G	A	2B	CTG	L	CTA	L	25358	10628	62	3207	1385	64	0.11227	28565	0	TRUE	24585	9987	61	3613	1479	64	0.128098	28205	0	TRUE
Consensus_AJ34_6_11_d0_FECES_MKV1_WG_threshold_0_quality_30	4320	T	C	2B	GCT	A	GCC	A	6918	2964	64	22108	9379	63	0.761583	29029	0	TRUE	7364	3013	64	21285	8833	62	0.742906	28651	0	TRUE
Consensus_AJ34_6_11_d0_FECES_MKV1_WG_threshold_0_quality_30	4323	C	T	2B	GGC	G	GGT	G	25587	11162	64	3401	1452	64	0.117316	28990	0	TRUE	25100	10733	63	3525	1463	64	0.123136	28627	0	TRUE
Consensus_AJ34_6_11_d0_FECES_MKV1_WG_threshold_0_quality_30	4329	T	C	2B	GCT	A	GCC	A	25736	11822	65	3407	1529	65	0.116902	29144	0	TRUE	25294	11446	65	3467	1506	65	0.120528	28765	0	TRUE
Consensus_AJ34_6_11_d0_FECES_MKV1_WG_threshold_0_quality_30	4332	T	C	2B	AAT	N	AAC	N	25943	12109	65	3099	1467	65	0.106704	29043	0	TRUE	25155	11621	65	3468	1563	66	0.121157	28624	0	TRUE
Consensus_AJ34_6_11_d0_FECES_MKV1_WG_threshold_0_quality_30	4338	C	T	2B	ATC	I	ATT	I	25863	12507	65	3148	1553	65	0.108503	29013	0	TRUE	25119	12023	65	3511	1629	65	0.122629	28631	0	TRUE
Consensus_AJ34_6_11_d0_FECES_MKV1_WG_threshold_0_quality_30	4359	C	T	2B	GTC	V	GTT	V	25852	14149	65	3359	1780	66	0.114987	29212	0	TRUE	25401	13601	66	3478	1792	67	0.120434	28879	0	TRUE
Consensus_AJ34_6_11_d0_FECES_MKV1_WG_threshold_0_quality_30	4368	T	C	2B	GCT	A	GCC	A	25197	14625	64	3939	2315	63	0.13517	29141	0	TRUE	24562	13987	65	4284	2339	64	0.148508	28847	0	TRUE
Consensus_AJ34_6_11_d0_FECES_MKV1_WG_threshold_0_quality_30	4395	T	C	2B	AAT	N	AAC	N	25475	18549	55	3230	2290	51	0.112508	28709	0	TRUE	25069	17835	56	3352	2271	52	0.117929	28424	0	TRUE
Consensus_AJ34_6_11_d0_FECES_MKV1_WG_threshold_0_quality_30	4404	A	T	2B	ACA	T	ACT	T	25091	25066	37	3280	3278	37	0.115546	28387	0	TRUE	24722	24693	37	3404	3403	37	0.120962	28141	0	TRUE
Consensus_AJ34_6_11_d0_FECES_MKV1_WG_threshold_0_quality_30	4428	C	T	2B	TCC	S	TCT	S	6829	6821	37	21417	21404	37	0.74979	28564	0	TRUE	7300	7298	37	20707	20683	37	0.731722	28299	0	TRUE
Consensus_AJ34_6_11_d0_FECES_MKV1_WG_threshold_0_quality_30	4431	C	T	2B	TCC	S	TCT	S	25515	25497	37	3298	3295	37	0.114462	28813	0	TRUE	25105	25081	37	3389	3388	37	0.118925	28497	0	TRUE
Consensus_AJ34_6_11_d0_FECES_MKV1_WG_threshold_0_quality_30	4437	T	C	2B	TTT	F	TTC	F	25036	25020	37	3581	3576	37	0.125131	28618	0	TRUE	24340	24318	37	3962	3961	37	0.139985	28303	0	TRUE
Consensus_AJ34_6_11_d0_FECES_MKV1_WG_threshold_0_quality_30	4461	G	A	2B	GAG	E	GAA	E	7418	7411	37	21960	21948	37	0.747473	29379	0	TRUE	8054	8050	37	21209	21188	37	0.724673	29267	0	TRUE
Consensus_AJ34_6_11_d0_FECES_MKV1_WG_threshold_0_quality_30	4476	C	T	2B	TCC	S	TCT	S	26066	26046	37	3621	3620	37	0.12196	29690	0	TRUE	25705	25681	37	3742	3741	37	0.127071	29448	0	TRUE
Consensus_AJ34_6_11_d0_FECES_MKV1_WG_threshold_0_quality_30	4491	C	T	2B	CTC	L	CTT	L	26458	26436	37	3409	3408	37	0.11412	29872	0	TRUE	26141	26114	37	3509	3508	37	0.118335	29653	0	TRUE
Consensus_AJ34_6_11_d0_FECES_MKV1_WG_threshold_0_quality_30	4512	C	T	2B	CTC	L	CTT	L	7067	7062	37	22787	22769	37	0.763102	29861	0	TRUE	7551	7546	37	22061	22038	37	0.744977	29613	0	TRUE
Consensus_AJ34_6_11_d0_FECES_MKV1_WG_threshold_0_quality_30	6090	C	T	3C	TCC	S	TCT	S	22032	13	37	3821	1	37	0.147791	25854	0	TRUE	25249	17	37	4361	3	37	0.147276	29611	0	TRUE
Consensus_AJ34_6_11_d0_FECES_MKV1_WG_threshold_0_quality_30	6117	T	C	3C	AAT	N	AAC	N	21942	14	37	3935	0	37	0.152066	25877	0	TRUE	24936	18	37	4703	2	37	0.158676	29639	0	TRUE
Consensus_AJ34_6_11_d0_FECES_MKV1_WG_threshold_0_quality_30	6141	T	C	3C	AAT	N	AAC	N	21002	11	37	4490	2	37	0.17612	25494	0	TRUE	24112	17	37	5150	2	37	0.175984	29264	0	TRUE
Consensus_AJ34_6_11_d0_FECES_MKV1_WG_threshold_0_quality_30	6153	C	T	3C	AAC	N	AAT	N	21321	11	37	4025	2	37	0.158802	25346	0	TRUE	24511	17	37	4604	2	37	0.158126	29116	0	TRUE
Consensus_AJ34_6_11_d0_FECES_MKV1_WG_threshold_0_quality_30	6156	C	T	3C	CAC	H	CAT	H	7731	2	37	17513	11	37	0.693722	25245	0	TRUE	9127	3	37	19865	15	37	0.685071	28997	0	TRUE
Consensus_AJ34_6_11_d0_FECES_MKV1_WG_threshold_0_quality_30	6195	T	C	3C	CTT	L	CTC	L	7527	1	37	16811	15	37	0.683041	24612	0	TRUE	8817	4	37	19192	14	37	0.677468	28329	0	TRUE
Consensus_AJ34_6_11_d0_FECES_MKV1_WG_threshold_0_quality_30	6204	C	T	3C	ACC	T	ACT	T	20101	24	37	4205	1	37	0.172988	24308	0	TRUE	23088	22	37	4922	2	37	0.175704	28013	0	TRUE
Consensus_AJ34_6_11_d0_FECES_MKV1_WG_threshold_0_quality_30	6207	C	T	3C	CAC	H	CAT	H	20393	26	37	4037	2	37	0.165248	24430	0	TRUE	23398	25	37	4727	3	37	0.168071	28125	0	TRUE
Consensus_AJ34_6_11_d0_FECES_MKV1_WG_threshold_0_quality_30	6219	C	T	3C	CCC	P	CCT	P	7980	1638	50	16564	3237	49	0.674842	24545	0	TRUE	9330	2103	52	18995	3977	50	0.670514	28329	0	TRUE
Consensus_AJ34_6_11_d0_FECES_MKV1_WG_threshold_0_quality_30	6222	T	C	3C	GAT	D	GAC	D	20260	4384	50	4172	1017	52	0.170739	24435	0	TRUE	23322	5336	51	4907	1341	54	0.173822	28230	0	TRUE
Consensus_AJ34_6_11_d0_FECES_MKV1_WG_threshold_0_quality_30	6246	T	C	3C	CCT	P	CCC	P	20622	7251	58	3778	1287	57	0.154817	24403	0	TRUE	23746	8577	58	4409	1490	57	0.156592	28156	0	TRUE
Consensus_AJ34_6_11_d0_FECES_MKV1_WG_threshold_0_quality_30	6252	A	C	3C	CGA	R	CGC	R	20835	7989	59	3368	1269	58	0.138927	24243	0	TRUE	23977	9424	59	3979	1483	58	0.142138	27994	0	TRUE
Consensus_AJ34_6_11_d0_FECES_MKV1_WG_threshold_0_quality_30	6255	T	C	3C	TAT	Y	TAC	Y	20996	8282	59	3391	1332	58	0.139021	24392	0	TRUE	24145	9779	60	3979	1553	59	0.141476	28125	0	TRUE
Consensus_AJ34_6_11_d0_FECES_MKV1_WG_threshold_0_quality_30	6327	C	T	3C	TAC	Y	TAT	Y	22711	22692	37	946	945	37	0.0399882	23657	9.33825e-252	TRUE	26220	26189	37	1086	1085	37	0.03977	27307	1.10445e-287	TRUE
Consensus_AJ34_6_11_d0_FECES_MKV1_WG_threshold_0_quality_30	6354	G	A	3C	CAG	Q	CAA	Q	20640	20619	37	3812	3809	37	0.155853	24459	0	TRUE	23737	23705	37	4464	4462	37	0.158275	28204	0	TRUE
Consensus_AJ34_6_11_d0_FECES_MKV1_WG_threshold_0_quality_30	6360	T	C	3C	CCT	P	CCC	P	23465	23441	37	1147	1147	37	0.0465919	24618	2.55573e-312	TRUE	27117	27084	37	1240	1238	37	0.0437128	28367	0	TRUE
Consensus_AJ34_6_11_d0_FECES_MKV1_WG_threshold_0_quality_30	6381	T	C	3C	GTT	V	GTC	V	7784	7776	37	17475	17459	37	0.691805	25260	0	TRUE	9153	9142	37	19945	19922	37	0.685395	29100	0	TRUE
Consensus_AJ34_6_11_d0_FECES_MKV1_WG_threshold_0_quality_30	6387	A	G	3C	CAA	Q	CAG	Q	21058	21038	37	4309	4305	37	0.169846	25370	0	TRUE	24212	24184	37	5016	5009	37	0.171616	29228	0	TRUE
Consensus_AJ34_6_11_d0_FECES_MKV1_WG_threshold_0_quality_30	6390	C	T	3C	CTC	L	CTT	L	21276	21255	37	4221	4217	37	0.165542	25498	0	TRUE	24471	24443	37	4902	4895	37	0.166871	29376	0	TRUE
Consensus_AJ34_6_11_d0_FECES_MKV1_WG_threshold_0_quality_30	6420	C	T	3C	TCC	S	TCT	S	21890	21869	37	4169	4165	37	0.159965	26062	0	TRUE	25133	25103	37	4859	4854	37	0.161983	29997	0	TRUE
Consensus_AJ34_6_11_d0_FECES_MKV1_WG_threshold_0_quality_30	6423	C	T	3C	GAC	D	GAT	D	21725	21704	37	4204	4200	37	0.162035	25945	0	TRUE	24924	24893	37	4880	4875	37	0.163643	29821	0	TRUE
Consensus_AJ34_6_11_d0_FECES_MKV1_WG_threshold_0_quality_30	6432	T	C	3C	ATT	I	ATC	I	21816	21795	37	4089	4085	37	0.157816	25910	0	TRUE	24989	24958	37	4786	4781	37	0.160706	29781	0	TRUE
Consensus_AJ34_6_11_d0_FECES_MKV1_WG_threshold_0_quality_30	6717	C	T	3D	CAC	H	CAT	H	17114	12	37	1801	1	37	0.0952003	18918	0	TRUE	19577	13	37	2259	3	37	0.103453	21836	0	TRUE
Consensus_AJ34_6_11_d0_FECES_MKV1_WG_threshold_0_quality_30	6723	C	T	3D	TCC	S	TCT	S	18150	12	37	726	1	37	0.0384595	18877	1.36008e-191	TRUE	20757	15	37	989	1	37	0.0454754	21748	6.9853e-268	TRUE
Consensus_AJ34_6_11_d0_FECES_MKV1_WG_threshold_0_quality_30	6762	T	C	3D	GCT	A	GCC	A	9718	10	34	1244	1	37	0.113442	10966	0	TRUE	11421	12	34	1501	2	37	0.116105	12928	0	TRUE
Consensus_AJ34_6_11_d0_FECES_MKV1_WG_threshold_0_quality_30	6816	A	G	3D	CAA	Q	CAG	Q	9242	14	37	790	2	37	0.0787402	10033	8.00796e-236	TRUE	11542	17	37	1089	1	37	0.0862096	12632	0	TRUE
Consensus_AJ34_6_11_d0_FECES_MKV1_WG_threshold_0_quality_30	6822	C	T	3D	TTC	F	TTT	F	7781	15	37	2292	4	37	0.227539	10073	0	TRUE	9865	16	37	2898	5	37	0.227063	12763	0	TRUE
Consensus_AJ34_6_11_d0_FECES_MKV1_WG_threshold_0_quality_30	6840	C	T	3D	GGC	G	GGT	G	14160	8750	46	1314	718	48	0.0849057	15476	0	TRUE	16446	9718	48	1610	831	48	0.089167	18056	0	TRUE
Consensus_AJ34_6_11_d0_FECES_MKV1_WG_threshold_0_quality_30	6849	C	T	3D	ACC	T	ACT	T	14855	9835	47	1200	706	48	0.0747384	16056	0	TRUE	17310	11103	49	1461	828	49	0.0778245	18773	0	TRUE
Consensus_AJ34_6_11_d0_FECES_MKV1_WG_threshold_0_quality_30	6861	T	C	3D	CCT	P	CCC	P	5167	3708	49	11533	8956	46	0.690557	16701	0	TRUE	6049	4163	51	13676	10382	48	0.693298	19726	0	TRUE
Consensus_AJ34_6_11_d0_FECES_MKV1_WG_threshold_0_quality_30	6882	C	T	3D	GAC	D	GAT	D	6141	4886	47	10531	9182	43	0.631658	16672	0	TRUE	7134	5450	48	12630	10846	43	0.639041	19764	0	TRUE
Consensus_AJ34_6_11_d0_FECES_MKV1_WG_threshold_0_quality_30	6894	C	T	3D	TCC	S	TCT	S	15992	13949	43	1264	975	47	0.0732499	17256	0	TRUE	18858	16085	44	1502	1141	48	0.0737612	20363	0	TRUE
Consensus_AJ34_6_11_d0_FECES_MKV1_WG_threshold_0_quality_30	6904	T	C	3D	TCT	S	CCT	P	15979	14533	41	1290	1045	46	0.0747003	17269	0	TRUE	18876	16890	42	1568	1254	47	0.0766936	20445	0	TRUE
Consensus_AJ34_6_11_d0_FECES_MKV1_WG_threshold_0_quality_30	6909	T	C	3D	TCT	S	TCC	S	13285	12378	40	4212	3745	42	0.240713	17498	0	TRUE	15635	14473	41	4872	4228	44	0.237543	20510	0	TRUE
Consensus_AJ34_6_11_d0_FECES_MKV1_WG_threshold_0_quality_30	6912	C	T	3D	CTC	L	CTT	L	14361	13605	40	4080	3628	42	0.221234	18442	0	TRUE	16982	16014	41	4683	4071	43	0.216145	21666	0	TRUE
Consensus_AJ34_6_11_d0_FECES_MKV1_WG_threshold_0_quality_30	6921	T	C	3D	CTT	L	CTC	L	13406	12977	39	5619	5324	40	0.295271	19030	0	TRUE	15884	15327	39	6399	5958	41	0.286912	22303	0	TRUE
Consensus_AJ34_6_11_d0_FECES_MKV1_WG_threshold_0_quality_30	6975	T	C	3D	GGT	G	GGC	G	17668	17654	37	2750	2750	37	0.134659	20422	0	TRUE	20572	20551	37	3121	3113	37	0.13171	23696	0	TRUE
Consensus_AJ34_6_11_d0_FECES_MKV1_WG_threshold_0_quality_30	6978	A	G	3D	CAA	Q	CAG	Q	8109	8105	37	12319	12309	37	0.602956	20431	0	TRUE	9170	9159	37	14543	14525	37	0.613189	23717	0	TRUE
Consensus_AJ34_6_11_d0_FECES_MKV1_WG_threshold_0_quality_30	6981	T	C	3D	GCT	A	GCC	A	15127	15116	37	5408	5404	37	0.263355	20535	0	TRUE	17682	17657	37	6110	6106	37	0.256766	23796	0	TRUE
Consensus_AJ34_6_11_d0_FECES_MKV1_WG_threshold_0_quality_30	7008	C	G	3D	GGC	G	GGG	G	19880	19866	37	937	936	37	0.0449789	20832	7.06601e-253	TRUE	23006	22973	37	1064	1064	37	0.0441989	24073	8.63686e-285	TRUE
Consensus_AJ34_6_11_d0_FECES_MKV1_WG_threshold_0_quality_30	7011	C	T	3D	CGC	R	CGT	R	14435	14426	37	6363	6357	37	0.305928	20799	0	TRUE	16903	16873	37	7141	7138	37	0.296985	24045	0	TRUE
Consensus_AJ34_6_11_d0_FECES_MKV1_WG_threshold_0_quality_30	7020	A	C	3D	CGA	R	CGC	R	12557	12547	37	5484	5479	37	0.262644	20880	0	TRUE	14791	14765	37	6114	6111	37	0.25322	24145	0	TRUE
Consensus_AJ34_6_11_d0_FECES_MKV1_WG_threshold_0_quality_30	7020	A	T	3D	CGA	R	CGT	R	12557	12547	37	2735	2734	37	0.130987	20880	0	TRUE	14791	14765	37	3121	3114	37	0.129261	24145	0	TRUE
Consensus_AJ34_6_11_d0_FECES_MKV1_WG_threshold_0_quality_30	7041	A	G	3D	GAA	E	GAG	E	19283	19267	37	1644	1644	37	0.07854	20932	0	TRUE	22300	22269	37	1897	1891	37	0.078369	24206	0	TRUE
Consensus_AJ34_6_11_d0_FECES_MKV1_WG_threshold_0_quality_30	7341	A	G	3D	CAA	Q	CAG	Q	25676	49	37	3413	7	37	0.117317	29092	0	TRUE	27500	67	37	3623	11	37	0.116398	31126	0	TRUE
Consensus_AJ34_6_11_d0_FECES_MKV1_WG_threshold_0_quality_30	7374	A	G	3D	GCA	A	GCG	A	10999	16	37	17620	39	37	0.615481	28628	0	TRUE	12218	22	37	18446	55	37	0.601533	30665	0	TRUE
Consensus_AJ34_6_11_d0_FECES_MKV1_WG_threshold_0_quality_30	7398	C	T	3D	ACC	T	ACT	T	25142	51	37	3171	6	37	0.111994	28314	0	TRUE	26918	66	37	3421	12	37	0.112744	30343	0	TRUE
Consensus_AJ34_6_11_d0_FECES_MKV1_WG_threshold_0_quality_30	7401	C	T	3D	CTC	L	CTT	L	10727	14	37	17655	41	37	0.622027	28383	0	TRUE	12025	27	37	18348	50	37	0.604029	30376	0	TRUE
Consensus_AJ34_6_11_d0_FECES_MKV1_WG_threshold_0_quality_30	7407	C	T	3D	GCC	A	GCT	A	10759	16	37	17408	40	37	0.618006	28168	0	TRUE	12006	24	37	18157	53	37	0.601823	30170	0	TRUE
Consensus_AJ34_6_11_d0_FECES_MKV1_WG_threshold_0_quality_30	7410	A	G	3D	AAA	K	AAG	K	24701	49	37	3475	7	37	0.123323	28178	0	TRUE	26391	64	37	3761	13	37	0.124735	30152	0	TRUE
Consensus_AJ34_6_11_d0_FECES_MKV1_WG_threshold_0_quality_30	7413	C	T	3D	CAC	H	CAT	H	24973	50	37	3213	5	37	0.113993	28186	0	TRUE	26698	65	37	3489	12	37	0.115572	30189	0	TRUE
Consensus_AJ34_6_11_d0_FECES_MKV1_WG_threshold_0_quality_30	7422	C	T	3D	CGC	R	CGT	R	24863	50	37	3076	5	37	0.110089	27941	0	TRUE	26580	65	37	3344	11	37	0.111746	29925	0	TRUE
Consensus_AJ34_6_11_d0_FECES_MKV1_WG_threshold_0_quality_30	7428	C	T	3D	ACC	T	ACT	T	21546	47	37	6232	7	37	0.224269	27788	0	TRUE	22689	65	37	7078	9	37	0.23766	29782	0	TRUE
Consensus_AJ34_6_11_d0_FECES_MKV1_WG_threshold_0_quality_30	7473	T	C	3D	TCT	S	TCC	S	24328	9074	61	3233	1196	60	0.117227	27579	0	TRUE	26080	9504	60	3380	1229	60	0.114712	29465	0	TRUE
Consensus_AJ34_6_11_d0_FECES_MKV1_WG_threshold_0_quality_30	7476	C	T	3D	CAC	H	CAT	H	24557	9478	62	3163	1193	60	0.114101	27721	0	TRUE	26301	9986	61	3324	1258	60	0.112195	29627	0	TRUE
Consensus_AJ34_6_11_d0_FECES_MKV1_WG_threshold_0_quality_30	7491	T	C	3D	AAT	N	AAC	N	21325	9828	64	6401	2919	65	0.23085	27728	0	TRUE	22319	10121	64	7328	3329	65	0.24715	29650	0	TRUE
Consensus_AJ34_6_11_d0_FECES_MKV1_WG_threshold_0_quality_30	7539	T	C	3D	ACT	T	ACC	T	19804	13138	58	7024	4712	56	0.261524	26858	0	TRUE	20660	13403	58	8017	5376	57	0.279465	28687	0	TRUE
Consensus_AJ34_6_11_d0_FECES_MKV1_WG_threshold_0_quality_30	7590	C	T	3D	ATC	I	ATT	I	10509	10499	37	16301	16296	37	0.607951	26813	0	TRUE	11658	11642	37	16732	16719	37	0.589259	28395	0	TRUE
Consensus_AJ34_6_11_d0_FECES_MKV1_WG_threshold_0_quality_30	7629	C	T	3D	CTC	L	CTT	L	24712	24699	37	3271	3264	37	0.116884	27985	0	TRUE	26420	26387	37	3543	3538	37	0.118214	29971	0	TRUE
Consensus_AJ34_6_11_d0_FECES_MKV1_WG_threshold_0_quality_30	7635	C	T	3D	TAC	Y	TAT	Y	24765	24752	37	3343	3336	37	0.118926	28110	0	TRUE	26499	26466	37	3592	3587	37	0.119367	30092	0	TRUE
Consensus_AJ34_6_11_d0_FECES_MKV1_WG_threshold_0_quality_30	7671	C	T	3D	ATC	I	ATT	I	17914	17909	37	10267	10252	37	0.364298	28183	0	TRUE	18881	18862	37	11288	11269	37	0.374147	30170	0	TRUE
Consensus_AJ34_6_11_d0_FECES_MKV1_WG_threshold_0_quality_30	7674	C	T	3D	CAC	H	CAT	H	24927	24915	37	3303	3294	37	0.116999	28231	0	TRUE	26668	26638	37	3599	3591	37	0.118901	30269	0	TRUE
Consensus_AJ34_6_11_d0_FECES_MKV1_WG_threshold_0_quality_30	7677	C	T	3D	CCC	P	CCT	P	20441	20427	37	7735	7728	37	0.27432	28197	0	TRUE	21538	21513	37	8687	8674	37	0.287297	30237	0	TRUE
Consensus_AJ34_6_11_d0_FECES_MKV1_WG_threshold_0_quality_30	7950	G	A	3D	GCG	A	GCA	A	116	0	37	52	5	37	0.309524	168	2.4216e-18	TRUE	244	13	37	63	4	37	0.198738	317	1.0668e-21	TRUE
Consensus_AJ34_6_11_d0_FECES_MKV1_WG_threshold_0_quality_30	8007	T	C	3D	TTT	F	TTC	F	59	5	37	80	0	37	0.57554	139	1.6705e-32	TRUE	89	4	37	184	13	37	0.673993	273	5.16369e-79	TRUE
Consensus_AJ34_6_11_d0_FECES_MKV1_WG_threshold_0_quality_30	8013	T	C	3D	CCT	P	CCC	P	55	5	37	66	0	37	0.545455	121	2.82584e-26	TRUE	89	4	37	146	13	37	0.621277	235	5.29166e-60	TRUE
Consensus_AJ34_6_11_d0_FECES_MKV1_WG_threshold_0_quality_30	8016	T	C	3D	TAT	Y	TAC	Y	55	5	37	65	0	37	0.541667	120	1.45641e-25	TRUE	89	4	37	145	13	37	0.619658	234	4.64196e-59	TRUE
Consensus_AJ34_6_11_d0_FECES_MKV1_WG_threshold_0_quality_30	987	C	T	L	TGC	C	TGT	C	10	8	38	118	104	37	0.914729	129	8.56977e-62	TRUE	25	22	37	111	100	37	0.816176	136	3.64631e-52	TRUE
Consensus_AJ34_6_11_d0_FECES_MKV1_WG_threshold_0_quality_30	990	C	T	L	TAC	Y	TAT	Y	11	9	38	118	104	37	0.914729	129	5.4356e-61	TRUE	37	33	37	100	90	37	0.729927	137	1.00321e-43	TRUE
Consensus_AJ34_6_11_d0_FECES_MKV1_WG_threshold_0_quality_30	996	C	T	L	TGC	C	TGT	C	25	23	37	119	105	37	0.826389	144	3.61719e-56	TRUE	37	33	37	99	89	37	0.727941	136	1.99909e-43	TRUE
