primer_name,seq,pool
MuKV1-consensus_1_LEFT,AGGCCCTCACACCCTCTTTT,1
MuKV1-consensus_1_RIGHT,TGGCACAACTAGTTGCCACC,1
MuKV1-consensus_2_LEFT,TGGGTCCCCCTCTTGTCAAG,2
MuKV1-consensus_2_RIGHT,AGGAAATGAAACTACCCGACAGAC,2
MuKV1-consensus_3_LEFT,AATGCTACGCAGGTACCCCT,1
MuKV1-consensus_3_RIGHT,CCTCGAGCCAGTTTTCAGGG,1
MuKV1-consensus_4_LEFT,GGTGAGGGAGCGGAACTCT,2
MuKV1-consensus_4_RIGHT,GCCCAATCCGGTGGAGACT,2
MuKV1-consensus_5_LEFT,CCAACATCTATGGAAATGGCAACA,1
MuKV1-consensus_5_RIGHT,GCGCAGTCGATCCAGTGAG,1
MuKV1-consensus_6_LEFT,CCCTCCCTCATTGCCCTCAA,2
MuKV1-consensus_6_RIGHT,TGTGTGTTGTACATGGCGGC,2
MuKV1-consensus_7_LEFT,GGTAATCCCGCTGCCACTG,1
MuKV1-consensus_7_RIGHT,ATGGAGCAGGAAAGGGAGGT,1
MuKV1-consensus_8_LEFT,CATGCCCCCTGGACCTTCTA,2
MuKV1-consensus_8_RIGHT,ACAGGACGTAGGAGATGGGG,2
MuKV1-consensus_9_LEFT,TGGACCATGGCGGACGAA,1
MuKV1-consensus_9_RIGHT,GCAGAAGTGGGTCCAGTGAG,1
MuKV1-consensus_10_LEFT,CGTCTTCAACCCTGATGCCC,2
MuKV1-consensus_10_RIGHT,GATCGAGAGGGATCCTGGCC,2
MuKV1-consensus_11_LEFT,CGTCTTCTTCCCATGACGTCC,1
MuKV1-consensus_11_RIGHT,TCCGAAGTTGGTTCCGGACC,1
MuKV1-consensus_12_LEFT,CATCCCCTACACCTCTCCCC,2
MuKV1-consensus_12_RIGHT,TGTTTCGCAGAGCCGTCG,2
MuKV1-consensus_13_LEFT,TCATCAAGTCCCAACAACCCA,1
MuKV1-consensus_13_RIGHT,TTTGTCTCTGCGTCAGCGGT,1
MuKV1-consensus_14_LEFT,GTGCTCTTGCTGTCGTCACA,2
MuKV1-consensus_14_RIGHT,ACATGGGAGTGGGTGATCCA,2
MuKV1-consensus_15_LEFT,GGGTGTGGTCTCCTTCCTCA,1
MuKV1-consensus_15_RIGHT,CATGCACATCAGCCAATTTAGCT,1
MuKV1-consensus_16_LEFT,GAGAGACCGCCTGGAAATGG,2
MuKV1-consensus_16_RIGHT,GGATATGCGTTGGGCGAGG,2
MuKV1-consensus_17_LEFT,CGTCATCTATTTCTATGGCCCCC,1
MuKV1-consensus_17_RIGHT,CGGGTCGAACTTGGTACCAT,1
MuKV1-consensus_18_LEFT,GTTCGATGGGTGCCCTCAGA,2
MuKV1-consensus_18_RIGHT,TGGGAGAGGGACAGCGAAC,2
MuKV1-consensus_19_LEFT,GCTGAGCCGCGGGAAAT,1
MuKV1-consensus_19_RIGHT,GTTGGTTTCCGGACTCCACG,1
MuKV1-consensus_20_LEFT,TCCCCACCAATTGCATTAAACG,2
MuKV1-consensus_20_RIGHT,CGATTGCACCAGGGAAGTCC,2
MuKV1-consensus_21_LEFT,CCCCACTGGACTCCTTGTCT,1
MuKV1-consensus_21_RIGHT,GGAGCGGGCTCTTTCTTGAC,1
MuKV1-consensus_22_LEFT,CGGTGTCAACATCAACCGGA,2
MuKV1-consensus_22_RIGHT,TCGGCTTGGAGTTCAGGTTTG,2
MuKV1-consensus_23_LEFT,GCTACCCCTGGAACACCCA,1
MuKV1-consensus_23_RIGHT,GGAGGGTCGCATCGAAACAC,1
MuKV1-consensus_24_LEFT,GTGCACTGGACCGAGTTCTT,2
MuKV1-consensus_24_RIGHT,CACCGTTGGTAAAAGTCCCGA,2
MuKV1-consensus_25_LEFT,AAATCCTCGCGTACGGTGAC,1
MuKV1-consensus_25_RIGHT,GGAGGTAGGAGTAGGGGAGGA,1
MuKV1-consensus_26_LEFT,CACCTCCCTCTGTCATTTGGC,2
MuKV1-consensus_26_RIGHT,AGAAAAGTTCGAAGACGACCCC,2